Abdiel Espinoza,"El lugar es acogedor y todos los desayunos deliciosos. Los chilaquiles rojos son la especialidad de la casa. La atenci√≥n del personal inmejorable. La calidad y cantidad de los alimentos es muy buena. Me encantan lugares como vainilla, ‚Ä¶M√°s"
Rocio pipis,"Vainilla snack & caf√© es un lugar muy agradable y relajado. Los desayunos son muy vers√°tiles  van desde pechuga de pollo, pan franc√©s, huevos, chilaquiles y hasta burritos de machaca. El caf√© est√° en su punto.excelente caf√© chiapaneco ‚Ä¶M√°s"
Daniel Dominguez,"Buena comida, buen servicio a la hora de comer, pero si ellos no tienen cambio,  te van a mandar a ti a conseguir a negocios cercanos y dejar tu credencial como garantia, mala experiencia. Lastima por la comida. ‚Ä¶M√°s"
Luis Alfonso Estrada Alcal√°,"Muy buen servicio.
Los platillos servidos impecablemente.
La atenci√≥n es esmerada y el servicio es muy atento. ‚Ä¶M√°s"
Dolshe DC RV,El unico pero que le puedes poner a este lugar es que tardan en darte tu orden. Si fuera el tiempo mas corto le Daria las 5 estrellas. ‚Ä¶M√°s
Josue Araiza,Excelente lugar muy agradable y rico saz√≥n!üòãü•ûüëåüèªüç≥ü•ìü•óprecios razonables!ü§ë
Bubulubu,"Lindo lugar, es relajante, buena comida y no tiene precios exagerados, recomendado, sin duda volver√© a ir. ‚ù§Ô∏è"
Mario Andrade,Excelente ‚Ä¶M√°s
LankyBros,"Muy rica la comida, exelente servicio, trato amable."
Christian Licona,"Muy rico. El lugar es peque√±o, pero agradable :D"
Cinthya Torres,"Super rico, buena atenci√≥n al cliente"
Jonathan MADRIGAL,Excelente servicio
Fran R. (Fran),Sin comentarios
Clara Salazar,Sin comentarios
Angels Morales,Sin comentarios
Daniel Sandoval Jr.,Sin comentarios
Lupita Ya√±ez Perez,Sin comentarios
Claudia Zamano,Sin comentarios
B.N V.A,Sin comentarios
andrea andrade,Sin comentarios
Oscar Victor,Sin comentarios
Alexis Perez,Sin comentarios
Sarai Aranda Arreola,Sin comentarios
C.P. VICTORIA Garcia,Sin comentarios
Jose Armando Bautista Gonzalez,Sin comentarios
Jesus Gustavo Mucino Lopez,Sin comentarios
Sara Hernan mariano,Sin comentarios
Jorge Ramirez,Sin comentarios
